Timestamp,Close_scaled
2020-05-31 00:00:00,0.004050243712684712
2020-06-01 00:00:00,0.010931511140444439
2020-06-02 00:00:00,0.004720092004107682
2020-06-03 00:00:00,0.005956735003657787
2020-06-04 00:00:00,0.007359072559618832
2020-06-05 00:00:00,0.006042632020870312
2020-06-06 00:00:00,0.005927132076821842
2020-06-07 00:00:00,0.006951930023286493
2020-06-08 00:00:00,0.007075061451527323
2020-06-09 00:00:00,0.007310971371847788
2020-06-10 00:00:00,0.0080358672144588
2020-06-11 00:00:00,0.0026931336434646708
2020-06-12 00:00:00,0.004243029086421907
2020-06-13 00:00:00,0.004188790358371455
2020-06-14 00:00:00,0.0033265563469969256
2020-06-15 00:00:00,0.003949331131811909
2020-06-16 00:00:00,0.004800194041428493
2020-06-17 00:00:00,0.004237291199928148
2020-06-18 00:00:00,0.00357066868548922
2020-06-19 00:00:00,0.002364151968922923
2020-06-20 00:00:00,0.002796025462132992
2020-06-21 00:00:00,0.0025162678121886106
2020-06-22 00:00:00,0.0058787834843263415
2020-06-23 00:00:00,0.00569306817636836
2020-06-24 00:00:00,0.0026135169000264247
2020-06-25 00:00:00,0.0021380430819168544
2020-06-26 00:00:00,0.0011451793760376833
2020-06-27 00:00:00,0.0
2020-06-28 00:00:00,0.0009567711628098163
2020-06-29 00:00:00,0.0014173911818866347
2020-06-30 00:00:00,0.0009023135767339124
2020-07-01 00:00:00,0.0017825034617630353
2020-07-02 00:00:00,0.0007602176248080739
2020-07-03 00:00:00,0.00040839859108719734
2020-07-04 00:00:00,0.0008486743293619203
2020-07-05 00:00:00,0.0002782066126334748
2020-07-06 00:00:00,0.0032163185111259845
2020-07-07 00:00:00,0.0020158917570074625
2020-07-08 00:00:00,0.00373136756957973
2020-07-09 00:00:00,0.0022662177603097466
2020-07-10 00:00:00,0.002274401147348934
2020-07-11 00:00:00,0.0018996400832193422
2020-07-12 00:00:00,0.0022519158641238074
2020-07-13 00:00:00,0.0019314791681415838
2020-07-14 00:00:00,0.0019275777859484866
2020-07-15 00:00:00,0.0014367077815256452
2020-07-16 00:00:00,0.0008461336731532404
2020-07-17 00:00:00,0.001032876662274279
2020-07-18 00:00:00,0.0011073930621625372
2020-07-19 00:00:00,0.001368309890784139
2020-07-20 00:00:00,0.0011579778127443208
2020-07-21 00:00:00,0.0032105996557648814
2020-07-22 00:00:00,0.004676824724029555
2020-07-23 00:00:00,0.005219649720584918
2020-07-24 00:00:00,0.004789165500058243
2020-07-25 00:00:00,0.0061554676063478725
2020-07-26 00:00:00,0.008377609263441887
2020-07-27 00:00:00,0.01895666382722168
2020-07-28 00:00:00,0.018196151219857543
2020-07-29 00:00:00,0.020024548258004315
2020-07-30 00:00:00,0.020129257549840643
2020-07-31 00:00:00,0.022197437343801987
2020-08-01 00:00:00,0.02644702265542155
2020-08-02 00:00:00,0.019568010416880777
2020-08-03 00:00:00,0.02144600258671156
2020-08-04 00:00:00,0.02105180122058073
2020-08-05 00:00:00,0.0263245382856908
2020-08-06 00:00:00,0.026643661833520224
2020-08-07 00:00:00,0.02490630973396761
2020-08-08 00:00:00,0.026392974238697603
2020-08-09 00:00:00,0.025629959037390085
2020-08-10 00:00:00,0.027601860331278733
2020-08-11 00:00:00,0.023045731050510915
2020-08-12 00:00:00,0.024745163618259847
2020-08-13 00:00:00,0.026686186899425035
2020-08-14 00:00:00,0.026537430051071953
2020-08-15 00:00:00,0.027480907967726245
2020-08-16 00:00:00,0.02774502202663294
2020-08-17 00:00:00,0.03126841737862135
2020-08-18 00:00:00,0.028704114987625956
2020-08-19 00:00:00,0.02643426228098021
2020-08-20 00:00:00,0.027604400987487412
2020-08-21 00:00:00,0.02481877603934725
2020-08-22 00:00:00,0.02568926004672524
2020-08-23 00:00:00,0.025523831926171386
2020-08-24 00:00:00,0.02659321030086699
2020-08-25 00:00:00,0.02261319146765811
2020-08-26 00:00:00,0.0238041787799826
2020-08-27 00:00:00,0.022196761738592932
2020-08-28 00:00:00,0.024331683714755303
2020-08-29 00:00:00,0.02398446069956922
2020-08-30 00:00:00,0.025978466654030002
2020-08-31 00:00:00,0.025679468528977192
2020-09-01 00:00:00,0.02850188065652841
2020-09-02 00:00:00,0.023079920480315347
2020-09-03 00:00:00,0.01169181440534943
2020-09-04 00:00:00,0.014288736157705678
2020-09-05 00:00:00,0.010953910783572635
2020-09-06 00:00:00,0.01203338517413867
2020-09-07 00:00:00,0.012902660704593436
2020-09-08 00:00:00,0.010583146257299392
2020-09-09 00:00:00,0.011663077395049015
2020-09-10 00:00:00,0.012840057793743628
2020-09-11 00:00:00,0.013208148445879656
2020-09-12 00:00:00,0.01361014306083036
2020-09-13 00:00:00,0.012456314035003593
2020-09-14 00:00:00,0.015935699892740546
2020-09-15 00:00:00,0.01706710072874014
2020-09-16 00:00:00,0.018801074802247505
2020-09-17 00:00:00,0.018548560218690557
2020-09-18 00:00:00,0.018505645014566433
2020-09-19 00:00:00,0.019964904688281465
2020-09-20 00:00:00,0.018444117362711315
2020-09-21 00:00:00,0.013805887775694511
2020-09-22 00:00:00,0.01454837790043978
2020-09-23 00:00:00,0.011700483086271168
2020-09-24 00:00:00,0.01670769778865852
2020-09-25 00:00:00,0.01605144724151346
2020-09-26 00:00:00,0.016616662365630697
2020-09-27 00:00:00,0.016855836125200502
2020-09-28 00:00:00,0.016216466192715343
2020-09-29 00:00:00,0.017531783894637568
2020-09-30 00:00:00,0.016945691618004063
2020-10-01 00:00:00,0.015337560909140055
2020-10-02 00:00:00,0.014913918380800792
2020-10-03 00:00:00,0.014654286153633012
2020-10-04 00:00:00,0.015826032990849073
2020-10-05 00:00:00,0.017031912164471627
2020-10-06 00:00:00,0.015190954578776339
2020-10-07 00:00:00,0.01582004769963087
2020-10-08 00:00:00,0.018224041344755068
2020-10-09 00:00:00,0.019673671265349565
2020-10-10 00:00:00,0.021933323284895306
2020-10-11 00:00:00,0.02278903913333745
2020-10-12 00:00:00,0.02445702275438344
2020-10-13 00:00:00,0.02319553461115971
2020-10-14 00:00:00,0.023230685113162924
2020-10-15 00:00:00,0.02387225314146907
2020-10-16 00:00:00,0.022184343924539274
2020-10-17 00:00:00,0.02253491641907164
2020-10-18 00:00:00,0.02375542101813516
2020-10-19 00:00:00,0.026275961319603525
2020-10-20 00:00:00,0.02797430911279143
2020-10-21 00:00:00,0.036815516767569736
2020-10-22 00:00:00,0.038201125957932056
2020-10-23 00:00:00,0.03786639688133024
2020-10-24 00:00:00,0.03958643065017202
2020-10-25 00:00:00,0.03883723205116786
2020-10-26 00:00:00,0.03926668859053149
2020-10-27 00:00:00,0.04490814433515501
2020-10-28 00:00:00,0.041176862405672185
2020-10-29 00:00:00,0.04280017995839035
2020-10-30 00:00:00,0.043858758165307474
2020-10-31 00:00:00,0.04614344563985333
2020-11-01 00:00:00,0.04571582560479036
2020-11-02 00:00:00,0.043897410395718164
2020-11-03 00:00:00,0.0477931498579897
2020-11-04 00:00:00,0.049580249338287516
2020-11-05 00:00:00,0.06367136621456308
2020-11-06 00:00:00,0.06353526506942177
2020-11-07 00:00:00,0.05640146402697245
2020-11-08 00:00:00,0.06269423173981854
2020-11-09 00:00:00,0.0612594175559915
2020-11-10 00:00:00,0.06085589093486253
2020-11-11 00:00:00,0.06485516927431247
2020-11-12 00:00:00,0.0704579727885253
2020-11-13 00:00:00,0.07086200373466948
2020-11-14 00:00:00,0.06842923501697958
2020-11-15 00:00:00,0.06733254696693226
2020-11-16 00:00:00,0.07474304164696945
2020-11-17 00:00:00,0.08379803553036343
2020-11-18 00:00:00,0.08534342059488277
2020-11-19 00:00:00,0.08547091015250029
2020-11-20 00:00:00,0.09330722642556506
2020-11-21 00:00:00,0.09351104985623883
2020-11-22 00:00:00,0.09085845252531712
2020-11-23 00:00:00,0.09080114978491015
2020-11-24 00:00:00,0.09804424662216428
2020-11-25 00:00:00,0.09438691967415656
2020-11-26 00:00:00,0.0789768977274544
2020-11-27 00:00:00,0.07856550173297495
2020-11-28 00:00:00,0.08449967532887702
2020-11-29 00:00:00,0.0889825728112104
2020-11-30 00:00:00,0.10309522341407863
2020-12-01 00:00:00,0.09507754044686621
2020-12-02 00:00:00,0.09895654202797273
2020-12-03 00:00:00,0.10133705125540769
2020-12-04 00:00:00,0.09407164993068863
2020-12-05 00:00:00,0.0984999280623186
2020-12-06 00:00:00,0.10035995484292846
2020-12-07 00:00:00,0.09886435522141963
2020-12-08 00:00:00,0.09038238874209543
2020-12-09 00:00:00,0.09265050010010377
2020-12-10 00:00:00,0.08983524367842867
2020-12-11 00:00:00,0.08782713565467477
2020-12-12 00:00:00,0.09508395393856904
2020-12-13 00:00:00,0.09838448521166808
2020-12-14 00:00:00,0.09940040513475183
2020-12-15 00:00:00,0.10106108080086053
2020-12-16 00:00:00,0.11951144037508078
2020-12-17 00:00:00,0.1340743866075636
2020-12-18 00:00:00,0.13731715839307207
2020-12-19 00:00:00,0.1444484663571443
2020-12-20 00:00:00,0.14062360834842502
2020-12-21 00:00:00,0.13405411845129211
2020-12-22 00:00:00,0.14360266572881247
2020-12-23 00:00:00,0.1383245333375963
2020-12-24 00:00:00,0.14314392027630163
2020-12-25 00:00:00,0.15219449893692094
2020-12-26 00:00:00,0.16946315839154957
2020-12-27 00:00:00,0.16785792041484826
2020-12-28 00:00:00,0.17577500481487657
2020-12-29 00:00:00,0.1784802041964409
2020-12-30 00:00:00,0.19288677161194456
2020-12-31 00:00:00,0.1944532812337046
2021-01-01 00:00:00,0.19808223276293224
2021-01-02 00:00:00,0.2249084221896917
2021-01-03 00:00:00,0.2312883239433725
2021-01-04 00:00:00,0.22339466686763543
2021-01-05 00:00:00,0.24308244971784443
2021-01-06 00:00:00,0.27067664050266554
2021-01-07 00:00:00,0.2954913343640595
2021-01-08 00:00:00,0.30939171171335766
2021-01-09 00:00:00,0.30410014334249114
2021-01-10 00:00:00,0.285605117699943
2021-01-11 00:00:00,0.25842161875769337
2021-01-12 00:00:00,0.24240555039177492
2021-01-13 00:00:00,0.27547062087928403
2021-01-14 00:00:00,0.2937012279648031
2021-01-15 00:00:00,0.27068642250484726
2021-01-16 00:00:00,0.2643798857675294
2021-01-17 00:00:00,0.2606103131991563
2021-01-18 00:00:00,0.2687834995512459
2021-01-19 00:00:00,0.26332426690173927
2021-01-20 00:00:00,0.25823739739364837
2021-01-21 00:00:00,0.2122260182988147
2021-01-22 00:00:00,0.23346841631287796
2021-01-23 00:00:00,0.2243274397721745
2021-01-24 00:00:00,0.22648802523071443
2021-01-25 00:00:00,0.22723844182220815
2021-01-26 00:00:00,0.22922091491028346
2021-01-27 00:00:00,0.20839516548331088
2021-01-28 00:00:00,0.23795390202925165
2021-01-29 00:00:00,0.24623906756584962
2021-01-30 00:00:00,0.24578243456906285
2021-01-31 00:00:00,0.23452658535044313
2021-02-01 00:00:00,0.23864648300862418
2021-02-02 00:00:00,0.2578723802694352
2021-02-03 00:00:00,0.2769880492099416
2021-02-04 00:00:00,0.27166762964197877
2021-02-05 00:00:00,0.2835381083206396
2021-02-06 00:00:00,0.2944679161747119
2021-02-07 00:00:00,0.2909350528342305
2021-02-08 00:00:00,0.36199783501834987
2021-02-09 00:00:00,0.36477135616612505
2021-02-10 00:00:00,0.3495423393220502
2021-02-11 00:00:00,0.37868790997817514
2021-02-12 00:00:00,0.37474667659330546
2021-02-13 00:00:00,0.37085557121183405
2021-02-14 00:00:00,0.3865605947457327
2021-02-15 00:00:00,0.3790360274565957
2021-02-16 00:00:00,0.39126284506298165
2021-02-17 00:00:00,0.4199990560558206
2021-02-18 00:00:00,0.4154270928726886
2021-02-19 00:00:00,0.45643286539584377
2021-02-20 00:00:00,0.4584926048824752
2021-02-21 00:00:00,0.47252802714905257
2021-02-22 00:00:00,0.4400551293850585
2021-02-23 00:00:00,0.3876045284960762
2021-02-24 00:00:00,0.3961880260680843
2021-02-25 00:00:00,0.37074191728765254
2021-02-26 00:00:00,0.36339411115856207
2021-02-27 00:00:00,0.36191976931222253
2021-02-28 00:00:00,0.35168197150354324
2021-03-01 00:00:00,0.39546609908216657
2021-03-02 00:00:00,0.3832642122595512
2021-03-03 00:00:00,0.40430385258636903
2021-03-04 00:00:00,0.3850393601885453
2021-03-05 00:00:00,0.3886069743772443
2021-03-06 00:00:00,0.3884615765238038
2021-03-07 00:00:00,0.4108171816110539
2021-03-08 00:00:00,0.42094924244673376
2021-03-09 00:00:00,0.44606516107570054
2021-03-10 00:00:00,0.45760621084820235
2021-03-11 00:00:00,0.47511188402884513
2021-03-12 00:00:00,0.4705026959502511
2021-03-13 00:00:00,0.5086112069011454
2021-03-14 00:00:00,0.48970046519700655
2021-03-15 00:00:00,0.4566186473127661
2021-03-16 00:00:00,0.46536581262555793
2021-03-17 00:00:00,0.4854967163683727
2021-03-18 00:00:00,0.4756361156088022
2021-03-19 00:00:00,0.48038853199171466
2021-03-20 00:00:00,0.4800669058499419
2021-03-21 00:00:00,0.47236702376683976
2021-03-22 00:00:00,0.44319096523621065
2021-03-23 00:00:00,0.44523525144313086
2021-03-24 00:00:00,0.4260915306130994
2021-03-25 00:00:00,0.4156644872213557
2021-03-26 00:00:00,0.4491169173828082
2021-03-27 00:00:00,0.45726479232847433
2021-03-28 00:00:00,0.45704296544631434
2021-03-29 00:00:00,0.4745767285787474
2021-03-30 00:00:00,0.4859527023066494
2021-03-31 00:00:00,0.48596381648811665
2021-04-01 00:00:00,0.48768826547973304
2021-04-02 00:00:00,0.4904994302078885
2021-04-03 00:00:00,0.47315110643199004
2021-04-04 00:00:00,0.4844020836806516
2021-04-05 00:00:00,0.4873186808836841
2021-04-06 00:00:00,0.4788851105746869
2021-04-07 00:00:00,0.45799973660912413
2021-04-08 00:00:00,0.48016735216806467
2021-04-09 00:00:00,0.4793980757241156
2021-04-10 00:00:00,0.49448394038840265
2021-04-11 00:00:00,0.4984958173376664
2021-04-12 00:00:00,0.49546046586690234
2021-04-13 00:00:00,0.5306361270274816
2021-04-14 00:00:00,0.5267993364985913
2021-04-15 00:00:00,0.5287901832850322
2021-04-16 00:00:00,0.5118238143414048
2021-04-17 00:00:00,0.5031617562538204
2021-04-18 00:00:00,0.4596293724978819
2021-04-19 00:00:00,0.4548361533665693
2021-04-20 00:00:00,0.46213208062805783
2021-04-21 00:00:00,0.43711995779656027
2021-04-22 00:00:00,0.4162307395422023
2021-04-23 00:00:00,0.40971573577784426
2021-04-24 00:00:00,0.3995548998695987
2021-04-25 00:00:00,0.3893567629413605
2021-04-26 00:00:00,0.4382469814720505
2021-04-27 00:00:00,0.4481016445182345
2021-04-28 00:00:00,0.44607087041549537
2021-04-29 00:00:00,0.4337000251972197
2021-04-30 00:00:00,0.4745765002051557
2021-05-01 00:00:00,0.4753353095261476
2021-05-02 00:00:00,0.46367207988203746
2021-05-03 00:00:00,0.4692184751190778
2021-05-04 00:00:00,0.4315410573849549
2021-05-05 00:00:00,0.47139833911499146
2021-05-06 00:00:00,0.46138651697538974
2021-05-07 00:00:00,0.47073959548946936
2021-05-08 00:00:00,0.48484273052601295
2021-05-09 00:00:00,0.4792744494864259
2021-05-10 00:00:00,0.456156761723368
2021-05-11 00:00:00,0.46438822140362984
2021-05-12 00:00:00,0.39078211865226087
2021-05-13 00:00:00,0.3962938391656143
2021-05-14 00:00:00,0.3978951947912551
2021-05-15 00:00:00,0.3674907147103804
2021-05-16 00:00:00,0.3645273009210307
2021-05-17 00:00:00,0.33608915552774477
2021-05-18 00:00:00,0.32996889551679803
2021-05-19 00:00:00,0.27241182305309614
2021-05-20 00:00:00,0.30924680866936605
2021-05-21 00:00:00,0.27535692889283725
2021-05-22 00:00:00,0.2776169520194696
2021-05-23 00:00:00,0.250664719401174
2021-05-24 00:00:00,0.28901100532338847
2021-05-25 00:00:00,0.28605120744924206
2021-05-26 00:00:00,0.2947425734811063
2021-05-27 00:00:00,0.2863897712990727
2021-05-28 00:00:00,0.2596975800772969
2021-05-29 00:00:00,0.2491591284350243
2021-05-30 00:00:00,0.25950780162251824
2021-05-31 00:00:00,0.27563135782563986
2021-06-01 00:00:00,0.2693179698805682
2021-06-02 00:00:00,0.2779925504534358
2021-06-03 00:00:00,0.29391011367676156
2021-06-04 00:00:00,0.2713591349817339
2021-06-05 00:00:00,0.25827839045337486
2021-06-06 00:00:00,0.26130312255212057
2021-06-07 00:00:00,0.23887577009478267
2021-06-08 00:00:00,0.23801758019909613
2021-06-09 00:00:00,0.2757508733386773
2021-06-10 00:00:00,0.2694901635687789
2021-06-11 00:00:00,0.27564639242043276
2021-06-12 00:00:00,0.2582838333573126
2021-06-13 00:00:00,0.29282944984040493
2021-06-14 00:00:00,0.30374867638472425
2021-06-15 00:00:00,0.3055785197889524
2021-06-16 00:00:00,0.28551373020096116
2021-06-17 00:00:00,0.28265331290150936
2021-06-18 00:00:00,0.26057103294136813
2021-06-19 00:00:00,0.25890116523818985
2021-06-20 00:00:00,0.2597043170982547
2021-06-21 00:00:00,0.22051805407429909
2021-06-22 00:00:00,0.22859545673576492
2021-06-23 00:00:00,0.2404574094669989
2021-06-24 00:00:00,0.24961096558638346
2021-06-25 00:00:00,0.22013887778739488
2021-06-26 00:00:00,0.22548340980042436
2021-06-27 00:00:00,0.2494863116675307
2021-06-28 00:00:00,0.24738835766653955
2021-06-29 00:00:00,0.2613557246027632
2021-06-30 00:00:00,0.25329805722585463
2021-07-01 00:00:00,0.23898694997171976
2021-07-02 00:00:00,0.2421530453237843
2021-07-03 00:00:00,0.24967049496931043
2021-07-04 00:00:00,0.2557042775134988
2021-07-05 00:00:00,0.240681291711485
2021-07-06 00:00:00,0.24544794338161913
2021-07-07 00:00:00,0.24174654033039572
2021-07-08 00:00:00,0.23221738577704498
2021-07-09 00:00:00,0.24118805271167
2021-07-10 00:00:00,0.2384841855093911
2021-07-11 00:00:00,0.2454965869566707
2021-07-12 00:00:00,0.23493084467017905
2021-07-13 00:00:00,0.2305088277811907
2021-07-14 00:00:00,0.23168124070804952
2021-07-15 00:00:00,0.2215317854171282
2021-07-16 00:00:00,0.21803184593613
2021-07-17 00:00:00,0.21911858070380175
2021-07-18 00:00:00,0.2216884687322297
2021-07-19 00:00:00,0.21214936089650338
2021-07-20 00:00:00,0.20230326186001157
2021-07-21 00:00:00,0.22474692399802992
2021-07-22 00:00:00,0.2267192154301379
2021-07-23 00:00:00,0.23907887034241576
2021-07-24 00:00:00,0.2460057839418348
2021-07-25 00:00:00,0.2563123602639085
2021-07-26 00:00:00,0.2756769564194675
2021-07-27 00:00:00,0.2958411265821532
2021-07-28 00:00:00,0.3015799646325431
2021-07-29 00:00:00,0.3017019161305597
2021-07-30 00:00:00,0.3234028883169399
2021-07-31 00:00:00,0.3174654033039569
2021-08-01 00:00:00,0.3013752277075022
2021-08-02 00:00:00,0.2938436569615503
2021-08-03 00:00:00,0.28362260654960236
2021-08-04 00:00:00,0.2991595471199426
2021-08-05 00:00:00,0.31009274251562646
2021-08-06 00:00:00,0.32906366066120246
2021-08-07 00:00:00,0.3460113029703031
2021-08-08 00:00:00,0.33862847955713793
2021-08-09 00:00:00,0.3636439518679818
2021-08-10 00:00:00,0.3560400628179627
2021-08-11 00:00:00,0.3561239139884154
2021-08-12 00:00:00,0.3447688364441623
2021-08-13 00:00:00,0.3775574987610733
2021-08-14 00:00:00,0.370772062601769
2021-08-15 00:00:00,0.37028543653992696
2021-08-16 00:00:00,0.3601271888657217
2021-08-17 00:00:00,0.3473711535226246
2021-08-18 00:00:00,0.34840233641409313
2021-08-19 00:00:00,0.36707553152050376
2021-08-20 00:00:00,0.39262022156805876
2021-08-21 00:00:00,0.38839443468781715
2021-08-22 00:00:00,0.39244947424592946
2021-08-23 00:00:00,0.3946369506949028
2021-08-24 00:00:00,0.37670779675054833
2021-08-25 00:00:00,0.3889332441153835
2021-08-26 00:00:00,0.3692644162732932
2021-08-27 00:00:00,0.38988697029696945
2021-08-28 00:00:00,0.388364327435966
2021-08-29 00:00:00,0.38765720667124937
2021-08-30 00:00:00,0.3703631977479319
2021-08-31 00:00:00,0.37145162628640943
2021-09-01 00:00:00,0.38782475676309364
2021-09-02 00:00:00,0.3925086230062034
2021-09-03 00:00:00,0.39930650552626035
2021-09-04 00:00:00,0.39851968237800856
2021-09-05 00:00:00,0.41614437626223993
2021-09-06 00:00:00,0.4247202613811883
2021-09-07 00:00:00,0.3679870847121389
2021-09-08 00:00:00,0.360973998144084
2021-09-09 00:00:00,0.3638974846171355
2021-09-10 00:00:00,0.3492083810063206
2021-09-11 00:00:00,0.3523025386769709
2021-09-12 00:00:00,0.36069998789619967
2021-09-13 00:00:00,0.3499797508748612
2021-09-14 00:00:00,0.37072867161932865
2021-09-15 00:00:00,0.38128969418492326
2021-09-16 00:00:00,0.37746043998456197
2021-09-17 00:00:00,0.3724341275405611
2021-09-18 00:00:00,0.38228372830546037
2021-09-19 00:00:00,0.37236298916671806
2021-09-20 00:00:00,0.3293296778333741
2021-09-21 00:00:00,0.308378989020559
2021-09-22 00:00:00,0.3364496432423874
2021-09-23 00:00:00,0.3493173913341357
2021-09-24 00:00:00,0.3292902072642595
2021-09-25 00:00:00,0.3280901801639266
2021-09-26 00:00:00,0.33288366573109623
2021-09-27 00:00:00,0.323404677243409
2021-09-28 00:00:00,0.3117003784150416
2021-09-29 00:00:00,0.31686291570654607
2021-09-30 00:00:00,0.3385581024286009
2021-10-01 00:00:00,0.3807108432542628
2021-10-02 00:00:00,0.37676013236533384
2021-10-03 00:00:00,0.3815197044541224
2021-10-04 00:00:00,0.3904154267883746
2021-10-05 00:00:00,0.4138194950355388
2021-10-06 00:00:00,0.45130089210337404
2021-10-07 00:00:00,0.4361445361237542
2021-10-08 00:00:00,0.4377217222109305
2021-10-09 00:00:00,0.4474693161048296
2021-10-10 00:00:00,0.44555322360743493
2021-10-11 00:00:00,0.471990587963037
2021-10-12 00:00:00,0.457922965020017
2021-10-13 00:00:00,0.47117510392901546
2021-10-14 00:00:00,0.4703997375226185
2021-10-15 00:00:00,0.5120299976325271
2021-10-16 00:00:00,0.5051919974848454
2021-10-17 00:00:00,0.5116370047433195
2021-10-18 00:00:00,0.5162406357311798
2021-10-19 00:00:00,0.5380272480144819
2021-10-20 00:00:00,0.5548924855192111
2021-10-21 00:00:00,0.5180344341701703
2021-10-22 00:00:00,0.5032440468713959
2021-10-23 00:00:00,0.5100779743566906
2021-10-24 00:00:00,0.50556866166224
2021-10-25 00:00:00,0.526118516759196
2021-10-26 00:00:00,0.5000434290447057
2021-10-27 00:00:00,0.4817111195863089
2021-10-28 00:00:00,0.502560715022491
2021-10-29 00:00:00,0.5182078077886052
2021-10-30 00:00:00,0.5149033180399151
2021-10-31 00:00:00,0.5093504902800393
2021-11-01 00:00:00,0.506285526366873
2021-11-02 00:00:00,0.5279365227989162
2021-11-03 00:00:00,0.5254386105141678
2021-11-04 00:00:00,0.5106490986474954
2021-11-05 00:00:00,0.5074671693930667
2021-11-06 00:00:00,0.5113823301262068
2021-11-07 00:00:00,0.5289166261303541
2021-11-08 00:00:00,0.5702293708231422
2021-11-09 00:00:00,0.564431726572866
2021-11-10 00:00:00,0.5451718777714086
2021-11-11 00:00:00,0.5447307741788637
2021-11-12 00:00:00,0.5369938955738914
2021-11-13 00:00:00,0.5400494581075289
2021-11-14 00:00:00,0.549767211185434
2021-11-15 00:00:00,0.5311663343830906
2021-11-16 00:00:00,0.498069824464445
2021-11-17 00:00:00,0.5000845362912281
2021-11-18 00:00:00,0.4667030161300268
2021-11-19 00:00:00,0.4781759344476442
2021-11-20 00:00:00,0.4935481415337723
2021-11-21 00:00:00,0.48412849211768555
2021-11-22 00:00:00,0.4603417077929443
2021-11-23 00:00:00,0.47281185746138393
2021-11-24 00:00:00,0.46025534451298195
2021-11-25 00:00:00,0.4699432948371582
2021-11-26 00:00:00,0.43384283481661984
2021-11-27 00:00:00,0.4459770849937997
2021-11-28 00:00:00,0.469687782850209
2021-11-29 00:00:00,0.47512596706700555
2021-11-30 00:00:00,0.467319700952394
2021-12-01 00:00:00,0.4695062639070002
2021-12-02 00:00:00,0.4621787069030486
2021-12-03 00:00:00,0.4341203467929116
2021-12-04 00:00:00,0.39127095232549025
2021-12-05 00:00:00,0.3929093425352666
2021-12-06 00:00:00,0.40473631604469124
2021-12-07 00:00:00,0.4058808483622188
2021-12-08 00:00:00,0.4039779634708828
2021-12-09 00:00:00,0.376376540855655
2021-12-10 00:00:00,0.37219817955797535
2021-12-11 00:00:00,0.39284756747868704
2021-12-12 00:00:00,0.40001743251750677
2021-12-13 00:00:00,0.3672694587621999
2021-12-14 00:00:00,0.36605295070099275
2021-12-15 00:00:00,0.3883089849022219
2021-12-16 00:00:00,0.37631130213293323
2021-12-17 00:00:00,0.36205317755209393
2021-12-18 00:00:00,0.3683539288250864
2021-12-19 00:00:00,0.36697261115513646
2021-12-20 00:00:00,0.368660862932454
2021-12-21 00:00:00,0.38869767675545075
2021-12-22 00:00:00,0.38569555364229235
2021-12-23 00:00:00,0.4067037545379736
2021-12-24 00:00:00,0.40707067477545167
2021-12-25 00:00:00,0.40324777697339526
2021-12-26 00:00:00,0.4069471246622926
2021-12-27 00:00:00,0.40529944725978334
2021-12-28 00:00:00,0.37556520560855094
2021-12-29 00:00:00,0.3644167300403384
2021-12-30 00:00:00,0.3715630725992036
2021-12-31 00:00:00,0.3630694780978307
2022-01-01 00:00:00,0.37651969303544286
2022-01-02 00:00:00,0.3731912240596147
2022-01-03 00:00:00,0.36454735973484304
2022-01-04 00:00:00,0.3590854627267655
2022-01-05 00:00:00,0.33639601351058174
2022-01-06 00:00:00,0.3324197628416374
2022-01-07 00:00:00,0.31679996071974226
2022-01-08 00:00:00,0.318515274767687
2022-01-09 00:00:00,0.32024638465573063
2022-01-10 00:00:00,0.3193661186461709
2022-01-11 00:00:00,0.3282778651941138
2022-01-12 00:00:00,0.3400996622354578
2022-01-13 00:00:00,0.326871959300781
2022-01-14 00:00:00,0.3318231368330825
2022-01-15 00:00:00,0.3325802333521361
2022-01-16 00:00:00,0.3319613028561163
2022-01-17 00:00:00,0.3235490854779517
2022-01-18 00:00:00,0.3247678772750768
2022-01-19 00:00:00,0.31861648233111584
2022-01-20 00:00:00,0.30824980569213567
2022-01-21 00:00:00,0.2671001578061519
2022-01-22 00:00:00,0.2531949084868956
2022-01-23 00:00:00,0.26534126246444034
2022-01-24 00:00:00,0.2690198281564847
2022-01-25 00:00:00,0.271939850963394
2022-01-26 00:00:00,0.27094711095987706
2022-01-27 00:00:00,0.27373498158166987
2022-01-28 00:00:00,0.2800305183243164
2022-01-29 00:00:00,0.28347838862638614
2022-01-30 00:00:00,0.2813290886295073
2022-01-31 00:00:00,0.2868395150258405
2022-02-01 00:00:00,0.28937438577019375
2022-02-02 00:00:00,0.2719299167121511
2022-02-03 00:00:00,0.2738944624732708
2022-02-04 00:00:00,0.3162442897086486
2022-02-05 00:00:00,0.3156624699212949
2022-02-06 00:00:00,0.3251264618764545
2022-02-07 00:00:00,0.3390393617110359
2022-02-08 00:00:00,0.3417497375606808
2022-02-09 00:00:00,0.3438968299461724
2022-02-10 00:00:00,0.33635810349434436
2022-02-11 00:00:00,0.3250826522090958
2022-02-12 00:00:00,0.3234898225308818
2022-02-13 00:00:00,0.3230323141019932
2022-02-14 00:00:00,0.3268266271428104
2022-02-15 00:00:00,0.34620035824204104
2022-02-16 00:00:00,0.34022397359392287
2022-02-17 00:00:00,0.3068622077484115
2022-02-18 00:00:00,0.30192168765039357
2022-02-19 00:00:00,0.30281013704699244
2022-02-20 00:00:00,0.28633530419743053
2022-02-21 00:00:00,0.2731215701141183
2022-02-22 00:00:00,0.2849190073056712
2022-02-23 00:00:00,0.2752777974432815
2022-02-24 00:00:00,0.2853728998193565
2022-02-25 00:00:00,0.2939632485991184
2022-02-26 00:00:00,0.29290047402745206
2022-02-27 00:00:00,0.27930413805335874
2022-02-28 00:00:00,0.3327345377756565
2022-03-01 00:00:00,0.34405117243195804
2022-03-02 00:00:00,0.3398562159866082
2022-03-03 00:00:00,0.32550993919933746
2022-03-04 00:00:00,0.29321673338981774
2022-03-05 00:00:00,0.29577919927651247
2022-03-06 00:00:00,0.2862242765695546
2022-03-07 00:00:00,0.2827364789511867
2022-03-08 00:00:00,0.2893158840684299
2022-03-09 00:00:00,0.320941363557817
2022-03-10 00:00:00,0.29613850706093087
2022-03-11 00:00:00,0.2898781398514202
2022-03-12 00:00:00,0.29094060992496407
2022-03-13 00:00:00,0.28066710971143477
2022-03-14 00:00:00,0.29837272397169085
2022-03-15 00:00:00,0.295177016177224
2022-03-16 00:00:00,0.3127662360301971
2022-03-17 00:00:00,0.31089003278683536
2022-03-18 00:00:00,0.31917021216667923
2022-03-19 00:00:00,0.3229654387018636
2022-03-20 00:00:00,0.3137785781003428
2022-03-21 00:00:00,0.3121237830542228
2022-03-22 00:00:00,0.3246039430984359
2022-03-23 00:00:00,0.3298086533798911
2022-03-24 00:00:00,0.3402149528370471
2022-03-25 00:00:00,0.3439936222868266
2022-03-26 00:00:00,0.3454756527107565
2022-03-27 00:00:00,0.3680783199620596
2022-03-28 00:00:00,0.3710746956731578
2022-03-29 00:00:00,0.3743654830063404
2022-03-30 00:00:00,0.3704380281615089
2022-03-31 00:00:00,0.3555883779156647
2022-04-01 00:00:00,0.36282782077545017
2022-04-02 00:00:00,0.35880654244665766
2022-04-03 00:00:00,0.3645030171957702
2022-04-04 00:00:00,0.36615080878507533
2022-04-05 00:00:00,0.3557571079377332
2022-04-06 00:00:00,0.3328661190267936
2022-04-07 00:00:00,0.33576113492540177
2022-04-08 00:00:00,0.3239107150605533
2022-04-09 00:00:00,0.3287288269133711
2022-04-10 00:00:00,0.32313127599176944
2022-04-11 00:00:00,0.29696129904988977
2022-04-12 00:00:00,0.3028591231824317
2022-04-13 00:00:00,0.31298840547274476
2022-04-14 00:00:00,0.3009915220110274
2022-04-15 00:00:00,0.3070127820699326
2022-04-16 00:00:00,0.30575600413203957
2022-04-17 00:00:00,0.2988618621430426
2022-04-18 00:00:00,0.309670441682139
2022-04-19 00:00:00,0.3162625595959919
2022-04-20 00:00:00,0.3150117193714855
2022-04-21 00:00:00,0.3067584500132076
2022-04-22 00:00:00,0.29908955061405856
2022-04-23 00:00:00,0.29661858641314154
2022-04-24 00:00:00,0.29644867646084877
2022-04-25 00:00:00,0.30608558528725976
2022-04-26 00:00:00,0.28327650637124263
2022-04-27 00:00:00,0.2942253834202295
2022-04-28 00:00:00,0.2994160487257896
2022-04-29 00:00:00,0.28807406460079915
2022-04-30 00:00:00,0.27935373318504275
2022-05-01 00:00:00,0.2867027953688881
2022-05-02 00:00:00,0.2872897154997918
2022-05-03 00:00:00,0.279700404297382
2022-05-04 00:00:00,0.29868079994701735
2022-05-05 00:00:00,0.2682482299143523
2022-05-06 00:00:00,0.26304283451212174
2022-05-07 00:00:00,0.2577911553952881
2022-05-08 00:00:00,0.24373369507710274
2022-05-09 00:00:00,0.20707394813026736
2022-05-10 00:00:00,0.21414759176241233
2022-05-11 00:00:00,0.19381636631733123
2022-05-12 00:00:00,0.19490180696798282
2022-05-13 00:00:00,0.19719505845222085
2022-05-14 00:00:00,0.2051671808878709
2022-05-15 00:00:00,0.2168974001189065
2022-05-16 00:00:00,0.20284473564614885
2022-05-17 00:00:00,0.2083299838539871
2022-05-18 00:00:00,0.19171085695667833
2022-05-19 00:00:00,0.20724330617971332
2022-05-20 00:00:00,0.19639251558840076
2022-05-21 00:00:00,0.1986481044611259
2022-05-22 00:00:00,0.20733478883435835
2022-05-23 00:00:00,0.19540028942546533
2022-05-24 00:00:00,0.20082450479089736
2022-05-25 00:00:00,0.19991612979841467
2022-05-26 00:00:00,0.19704033534378224
2022-05-27 00:00:00,0.19080762037001092
2022-05-28 00:00:00,0.19263291533353583
2022-05-29 00:00:00,0.19878189332365032
2022-05-30 00:00:00,0.22100230124456
2022-05-31 00:00:00,0.2216446210026058
2022-06-01 00:00:00,0.20222270307550716
2022-06-02 00:00:00,0.20873563244640647
2022-06-03 00:00:00,0.20130005473353751
2022-06-04 00:00:00,0.20255237938639065
2022-06-05 00:00:00,0.2032709759240947
2022-06-06 00:00:00,0.21753619911741223
2022-06-07 00:00:00,0.21543936795324736
2022-06-08 00:00:00,0.2062691215305294
2022-06-09 00:00:00,0.20527175696177868
2022-06-10 00:00:00,0.19525310264555584
2022-06-11 00:00:00,0.18820829117937454
2022-06-12 00:00:00,0.17263589560890874
2022-06-13 00:00:00,0.130978021325526
2022-06-14 00:00:00,0.12824391365346743
2022-06-15 00:00:00,0.13181065241006457
2022-06-16 00:00:00,0.11045983403329841
2022-06-17 00:00:00,0.11133515194836931
2022-06-18 00:00:00,0.09716902386275662
2022-06-19 00:00:00,0.11213209965919048
2022-06-20 00:00:00,0.11258290912938658
2022-06-21 00:00:00,0.11366507642522249
2022-06-22 00:00:00,0.10661466980604233
2022-06-23 00:00:00,0.1173217753458528
2022-06-24 00:00:00,0.11874224005566227
2022-06-25 00:00:00,0.12137974569839309
2022-06-26 00:00:00,0.11675095555317032
2022-06-27 00:00:00,0.11390751402404166
2022-06-28 00:00:00,0.10947554385267773
2022-06-29 00:00:00,0.10775465368286673
2022-06-30 00:00:00,0.10464344411736272
2022-07-01 00:00:00,0.09962181333199356
2022-07-02 00:00:00,0.09935764217968891
2022-07-03 00:00:00,0.09989180801088886
2022-07-04 00:00:00,0.10899445585043661
2022-07-05 00:00:00,0.10859352697891426
2022-07-06 00:00:00,0.11208313255488388
2022-07-07 00:00:00,0.12269761357209032
2022-07-08 00:00:00,0.1236089574212663
2022-07-09 00:00:00,0.12225542520498435
2022-07-10 00:00:00,0.11512522104660573
2022-07-11 00:00:00,0.10645416123327829
2022-07-12 00:00:00,0.1001533148046226
2022-07-13 00:00:00,0.10880749400329011
2022-07-14 00:00:00,0.11229432103389293
2022-07-15 00:00:00,0.11489018655838713
2022-07-16 00:00:00,0.11833942710200764
2022-07-17 00:00:00,0.11433493423221179
2022-07-18 00:00:00,0.13096146424012112
2022-07-19 00:00:00,0.13976749284619722
2022-07-20 00:00:00,0.13823086210269658
2022-07-21 00:00:00,0.1375770094782653
2022-07-22 00:00:00,0.1331956430886158
2022-07-23 00:00:00,0.13076453007946642
2022-07-24 00:00:00,0.13216459341507586
2022-07-25 00:00:00,0.12000938996084916
2022-07-26 00:00:00,0.11882114313162616
2022-07-27 00:00:00,0.13529614726138195
2022-07-28 00:00:00,0.1441956567910313
2022-07-29 00:00:00,0.1438131690870461
2022-07-30 00:00:00,0.1423669171924969
2022-07-31 00:00:00,0.13925557440906433
2022-08-01 00:00:00,0.13903441361654706
2022-08-02 00:00:00,0.13575965049705513
2022-08-03 00:00:00,0.13447725665461618
2022-08-04 00:00:00,0.13237694279317652
2022-08-05 00:00:00,0.13879193795546257
2022-08-06 00:00:00,0.1355955831024857
2022-08-07 00:00:00,0.13768674298912104
2022-08-08 00:00:00,0.14386046145167958
2022-08-09 00:00:00,0.13757398352817407
2022-08-10 00:00:00,0.1452066476507589
2022-08-11 00:00:00,0.14530298324422958
2022-08-12 00:00:00,0.14964185311467326
2022-08-13 00:00:00,0.1498489118378974
2022-08-14 00:00:00,0.1488283863807125
2022-08-15 00:00:00,0.14705146855638201
2022-08-16 00:00:00,0.1445796098922305
2022-08-17 00:00:00,0.13924682008804562
2022-08-18 00:00:00,0.13804578433768233
2022-08-19 00:00:00,0.11529187667521547
2022-08-20 00:00:00,0.11810307946563627
2022-08-21 00:00:00,0.1216894393199948
2022-08-22 00:00:00,0.12037193303781792
2022-08-23 00:00:00,0.12163065215124118
2022-08-24 00:00:00,0.12033404205271321
2022-08-25 00:00:00,0.12234017083867156
2022-08-26 00:00:00,0.10927467024756458
2022-08-27 00:00:00,0.10714775086268126
2022-08-28 00:00:00,0.10300731861237163
2022-08-29 00:00:00,0.10964469255966451
2022-08-30 00:00:00,0.10476117070393116
2022-08-31 00:00:00,0.10722594978673712
2022-09-01 00:00:00,0.10797990616890359
2022-09-02 00:00:00,0.10644651071795329
2022-09-03 00:00:00,0.10510493005297507
2022-09-04 00:00:00,0.10661158676255313
2022-09-05 00:00:00,0.10491281076888061
2022-09-06 00:00:00,0.09541536208252356
2022-09-07 00:00:00,0.0998260173853203
2022-09-08 00:00:00,0.10021099816768254
2022-09-09 00:00:00,0.12019892101090333
2022-09-10 00:00:00,0.1231161272101806
2022-09-11 00:00:00,0.12398057834850877
2022-09-12 00:00:00,0.1298385703204158
2022-09-13 00:00:00,0.10963215104324862
2022-09-14 00:00:00,0.1090902205099278
2022-09-15 00:00:00,0.10382967288527957
2022-09-16 00:00:00,0.10452512756568215
2022-09-17 00:00:00,0.10798415011148439
2022-09-18 00:00:00,0.10108475552987621
2022-09-19 00:00:00,0.10229907501082873
2022-09-20 00:00:00,0.09593297082831863
2022-09-21 00:00:00,0.09258701224158576
2022-09-22 00:00:00,0.10102672960642857
2022-09-23 00:00:00,0.09989728897709184
2022-09-24 00:00:00,0.09638336161359647
2022-09-25 00:00:00,0.09506876709471491
2022-09-26 00:00:00,0.09916681701261461
2022-09-27 00:00:00,0.09807427774948484
2022-09-28 00:00:00,0.10115505653388267
2022-09-29 00:00:00,0.10258088802309924
2022-09-30 00:00:00,0.10120444232310753
2022-10-01 00:00:00,0.1000381574209618
2022-10-02 00:00:00,0.09742689571015432
2022-10-03 00:00:00,0.1030732424558687
2022-10-04 00:00:00,0.1100232408191913
2022-10-05 00:00:00,0.10830707037027733
2022-10-06 00:00:00,0.10630689832883818
2022-10-07 00:00:00,0.10232558537860915
2022-10-08 00:00:00,0.10105613270637172
2022-10-09 00:00:00,0.10134706163118122
2022-10-10 00:00:00,0.0983757308906494
2022-10-11 00:00:00,0.09749812923966057
2022-10-12 00:00:00,0.09853125330665931
2022-10-13 00:00:00,0.10072811210402875
2022-10-14 00:00:00,0.09880613898664549
2022-10-15 00:00:00,0.09765614473404753
2022-10-16 00:00:00,0.09960940503350622
2022-10-17 00:00:00,0.10236366667504036
2022-10-18 00:00:00,0.10025564520487777
2022-10-19 00:00:00,0.09835673782026542
2022-10-20 00:00:00,0.09752075725638058
2022-10-21 00:00:00,0.09867764077899756
2022-10-22 00:00:00,0.0990257011640202
2022-10-23 00:00:00,0.10252200569868238
2022-10-24 00:00:00,0.10036435103457043
2022-10-25 00:00:00,0.10767508451726011
2022-10-26 00:00:00,0.11424819032959639
2022-10-27 00:00:00,0.10952622375892275
2022-10-28 00:00:00,0.11254212541211918
2022-10-29 00:00:00,0.11471624200597273
2022-10-30 00:00:00,0.11293433802488816
2022-10-31 00:00:00,0.11157184214512837
2022-11-01 00:00:00,0.11146953077600587
2022-11-02 00:00:00,0.10829525203690214
2022-11-03 00:00:00,0.10878716875362067
2022-11-04 00:00:00,0.11791960031576455
2022-11-05 00:00:00,0.1192395235517879
2022-11-06 00:00:00,0.11576868267261047
2022-11-07 00:00:00,0.11261486240110473
2022-11-08 00:00:00,0.09252729254733234
2022-11-09 00:00:00,0.06660362603976593
2022-11-10 00:00:00,0.08322670189709942
2022-11-11 00:00:00,0.07784338443573073
2022-11-12 00:00:00,0.07555251184307386
2022-11-13 00:00:00,0.07120846550454958
2022-11-14 00:00:00,0.07378899193612849
2022-11-15 00:00:00,0.07638491455402065
2022-11-16 00:00:00,0.07428827370118231
2022-11-17 00:00:00,0.07446442586498402
2022-11-18 00:00:00,0.07456439640479066
2022-11-19 00:00:00,0.07469856588996808
2022-11-20 00:00:00,0.07060888967043406
2022-11-21 00:00:00,0.06569260571984499
2022-11-22 00:00:00,0.06961439880271338
2022-11-23 00:00:00,0.07371598851128584
2022-11-24 00:00:00,0.07365516501133874
2022-11-25 00:00:00,0.07285009100687632
2022-11-26 00:00:00,0.07228922449656945
2022-11-27 00:00:00,0.07209771420871976
2022-11-28 00:00:00,0.06988287099099676
2022-11-29 00:00:00,0.07210117787486194
2022-11-30 00:00:00,0.07915173674310332
2022-12-01 00:00:00,0.07718897990845265
2022-12-02 00:00:00,0.07837313504415604
2022-12-03 00:00:00,0.07661509610341365
2022-12-04 00:00:00,0.07878068674984033
2022-12-05 00:00:00,0.07726394353995815
2022-12-06 00:00:00,0.07838135649346052
2022-12-07 00:00:00,0.07602939396499946
2022-12-08 00:00:00,0.07978419837443677
2022-12-09 00:00:00,0.07880666424590661
2022-12-10 00:00:00,0.07876352066819069
2022-12-11 00:00:00,0.07852448964211574
2022-12-12 00:00:00,0.07952075040517283
2022-12-13 00:00:00,0.08512235495802874
2022-12-14 00:00:00,0.08545688420773777
2022-12-15 00:00:00,0.08106446073001904
2022-12-16 00:00:00,0.07407434473907175
2022-12-17 00:00:00,0.07551262258904097
2022-12-18 00:00:00,0.07515097397530672
2022-12-19 00:00:00,0.07204950834971914
2022-12-20 00:00:00,0.07659627431322351
2022-12-21 00:00:00,0.07573130933431381
2022-12-22 00:00:00,0.07585609647109513
2022-12-23 00:00:00,0.07553075925845572
2022-12-24 00:00:00,0.07602577804979611
2022-12-25 00:00:00,0.07596956008395013
2022-12-26 00:00:00,0.07672781750209533
2022-12-27 00:00:00,0.07475339458313067
2022-12-28 00:00:00,0.07314952684798008
2022-12-29 00:00:00,0.07402423576680621
2022-12-30 00:00:00,0.07363685706173016
2022-12-31 00:00:00,0.07310006493422459
2023-01-01 00:00:00,0.07385603861645189
2023-01-02 00:00:00,0.07447371305771687
2023-01-03 00:00:00,0.07438978576273354
2023-01-04 00:00:00,0.07617663783830693
2023-01-05 00:00:00,0.07591840439938889
2023-01-06 00:00:00,0.07704122219456365
2023-01-07 00:00:00,0.0770715197577413
2023-01-08 00:00:00,0.07839734264488592
2023-01-09 00:00:00,0.07942445287396747
2023-01-10 00:00:00,0.0818578876813001
2023-01-11 00:00:00,0.08661881098050679
2023-01-12 00:00:00,0.09572638788341072
2023-01-13 00:00:00,0.10585995217856987
2023-01-14 00:00:00,0.11625405267969767
2023-01-15 00:00:00,0.11532350641767856
2023-01-16 00:00:00,0.11813788740725177
2023-01-17 00:00:00,0.11805883208222669
2023-01-18 00:00:00,0.11345249867353006
2023-01-19 00:00:00,0.11733070094706528
2023-01-20 00:00:00,0.1328212245848739
2023-01-21 00:00:00,0.13380606666834144
2023-01-22 00:00:00,0.13324862576191138
2023-01-23 00:00:00,0.1353339811530887
2023-01-24 00:00:00,0.13243064864951276
2023-01-25 00:00:00,0.13712128997584572
2023-01-26 00:00:00,0.13629225577537785
2023-01-27 00:00:00,0.1367400012332174
2023-01-28 00:00:00,0.13627581287676888
2023-01-29 00:00:00,0.14352020383104314
2023-01-30 00:00:00,0.13441519613104685
2023-01-31 00:00:00,0.13733004246987562
2023-02-01 00:00:00,0.1430252421331007
2023-02-02 00:00:00,0.14057075889305798
2023-02-03 00:00:00,0.14035104446662205
2023-02-04 00:00:00,0.13920637893116594
2023-02-05 00:00:00,0.1355408876272517
2023-02-06 00:00:00,0.1336353954707427
2023-02-07 00:00:00,0.13854811108396003
2023-02-08 00:00:00,0.13538237732341585
2023-02-09 00:00:00,0.12446566288860621
2023-02-10 00:00:00,0.12283008928646195
2023-02-11 00:00:00,0.12497074914911806
2023-02-12 00:00:00,0.12416519936633942
2023-02-13 00:00:00,0.12435908854577025
2023-02-14 00:00:00,0.12838044299909335
2023-02-15 00:00:00,0.14871640719620416
2023-02-16 00:00:00,0.1420479744404276
2023-02-17 00:00:00,0.15122800286532734
2023-02-18 00:00:00,0.15196538313095626
2023-02-19 00:00:00,0.14890934481900253
2023-02-20 00:00:00,0.15379598778049036
2023-02-21 00:00:00,0.14996861766226133
2023-02-22 00:00:00,0.14755689737728156
2023-02-23 00:00:00,0.14520518225354495
2023-02-24 00:00:00,0.13790341243433307
2023-02-25 00:00:00,0.13768171877010166
2023-02-26 00:00:00,0.14144129999383392
2023-02-27 00:00:00,0.1410676998287959
2023-02-28 00:00:00,0.13740867910998245
2023-03-01 00:00:00,0.14227282727267881
2023-03-02 00:00:00,0.14060579520826533
2023-03-03 00:00:00,0.12976286447473695
2023-03-04 00:00:00,0.12967195275407134
2023-03-05 00:00:00,0.13047255444236117
2023-03-06 00:00:00,0.13041646969444376
2023-03-07 00:00:00,0.12837035649878925
2023-03-08 00:00:00,0.12348192461083236
2023-03-09 00:00:00,0.11027831509008958
2023-03-10 00:00:00,0.10856555121391982
2023-03-11 00:00:00,0.11290322212300659
2023-03-12 00:00:00,0.12782644672767285
2023-03-13 00:00:00,0.1476415668864382
2023-03-14 00:00:00,0.15298651758438597
2023-03-15 00:00:00,0.14938015600961302
2023-03-16 00:00:00,0.15597512859336332
2023-03-17 00:00:00,0.1790793803767708
2023-03-18 00:00:00,0.17461616108559674
2023-03-19 00:00:00,0.18506942937813115
2023-03-20 00:00:00,0.18242453965593236
2023-03-21 00:00:00,0.18640571938823286
2023-03-22 00:00:00,0.17794428750103725
2023-03-23 00:00:00,0.18794678438564083
2023-03-24 00:00:00,0.17975517589714662
2023-03-25 00:00:00,0.17976903056171534
2023-03-26 00:00:00,0.18463732751132927
2023-03-27 00:00:00,0.1763117017867189
2023-03-28 00:00:00,0.17756128595647047
2023-03-29 00:00:00,0.18808776701630664
2023-03-30 00:00:00,0.18501960587285532
2023-03-31 00:00:00,0.18935489789036092
2023-04-01 00:00:00,0.18869767675545074
2023-04-02 00:00:00,0.18663462585173834
2023-04-03 00:00:00,0.1826484980249491
2023-04-04 00:00:00,0.1863304322274723
2023-04-05 00:00:00,0.18642684394547354
2023-04-06 00:00:00,0.1851226784872838
2023-04-07 00:00:00,0.18397015309404352
2023-04-08 00:00:00,0.18418389174482758
2023-04-09 00:00:00,0.18793780169103036
2023-04-10 00:00:00,0.2007991172599432
2023-04-11 00:00:00,0.2064708515366117
2023-04-12 00:00:00,0.20553537621123646
2023-04-13 00:00:00,0.2080689338074369
2023-04-14 00:00:00,0.2089130787272283
2023-04-15 00:00:00,0.2072838615233889
2023-04-16 00:00:00,0.2072532594620889
2023-04-17 00:00:00,0.19877300578470308
2023-04-18 00:00:00,0.2080541846796337
2023-04-19 00:00:00,0.1927087163348779
2023-04-20 00:00:00,0.1870894699220561
2023-04-21 00:00:00,0.17764683089772898
2023-04-22 00:00:00,0.18291430585466156
2023-04-23 00:00:00,0.18071105259672193
2023-04-24 00:00:00,0.1800675148461866
2023-04-25 00:00:00,0.18768978797034497
2023-04-26 00:00:00,0.18881134971076485
2023-04-27 00:00:00,0.1990530679327699
2023-04-28 00:00:00,0.19775200454920194
2023-04-29 00:00:00,0.19685776968827767
2023-04-30 00:00:00,0.19705575056122815
2023-05-01 00:00:00,0.1855848114814062
2023-05-02 00:00:00,0.19132368759406138
2023-05-03 00:00:00,0.19449798536429774
2023-05-04 00:00:00,0.19295261933091107
2023-05-05 00:00:00,0.19964352785434641
2023-05-06 00:00:00,0.19350716750517838
2023-05-07 00:00:00,0.18912585820892686
2023-05-08 00:00:00,0.18171359363355327
2023-05-09 00:00:00,0.18136770279765263
2023-05-10 00:00:00,0.18100698670941823
2023-05-11 00:00:00,0.17495632355056995
2023-05-12 00:00:00,0.1730484715336124
2023-05-13 00:00:00,0.1728447051963366
2023-05-14 00:00:00,0.1742727823592058
2023-05-15 00:00:00,0.17682622748902477
2023-05-16 00:00:00,0.17530575417714334
2023-05-17 00:00:00,0.1788345448552378
2023-05-18 00:00:00,0.1733136893982128
2023-05-19 00:00:00,0.1738780576369271
2023-05-20 00:00:00,0.17621131256199396
2023-05-21 00:00:00,0.17254993198273194
2023-05-22 00:00:00,0.17349949034626766
2023-05-23 00:00:00,0.17714810103552203
2023-05-24 00:00:00,0.16846714503321697
2023-05-25 00:00:00,0.16984482775683085
2023-05-26 00:00:00,0.1722134234952274
2023-05-27 00:00:00,0.1736658795390203
2023-05-28 00:00:00,0.1855271090872136
2023-05-29 00:00:00,0.18221649131381046
2023-05-30 00:00:00,0.18179228736705805
2023-05-31 00:00:00,0.17708897130638068
2023-06-01 00:00:00,0.17319445935216504
2023-06-02 00:00:00,0.1773806234142309
2023-06-03 00:00:00,0.17568068652146673
2023-06-04 00:00:00,0.1761088108815449
2023-06-05 00:00:00,0.16286710103323826
2023-06-06 00:00:00,0.17727532415728242
2023-06-07 00:00:00,0.16857607923650142
2023-06-08 00:00:00,0.17015672898981987
2023-06-09 00:00:00,0.16988544019390445
2023-06-10 00:00:00,0.16375518883831686
2023-06-11 00:00:00,0.16462169533897114
2023-06-12 00:00:00,0.16425466091469715
2023-06-13 00:00:00,0.16441279059588
2023-06-14 00:00:00,0.15667558846165264
2023-06-15 00:00:00,0.16107710882077775
2023-06-16 00:00:00,0.1683954737876598
2023-06-17 00:00:00,0.17018068918582535
2023-06-18 00:00:00,0.16848073326192853
2023-06-19 00:00:00,0.1734970733924212
2023-06-20 00:00:00,0.1878836010252452
2023-06-21 00:00:00,0.20444643383217742
2023-06-22 00:00:00,0.20332572849272668
2023-06-23 00:00:00,0.21095706043602613
2023-06-24 00:00:00,0.20952690887969816
2023-06-25 00:00:00,0.20886009605393274
2023-06-26 00:00:00,0.20682233752551127
2023-06-27 00:00:00,0.2108858839999178
2023-06-28 00:00:00,0.20502083147779793
2023-06-29 00:00:00,0.20851993358895954
2023-06-30 00:00:00,0.20883076907852022
2023-07-01 00:00:00,0.20993014051827102
2023-07-02 00:00:00,0.21022919573672183
2023-07-03 00:00:00,0.21544873127051084
2023-07-04 00:00:00,0.21175716731486705
2023-07-05 00:00:00,0.20919045748559156
2023-07-06 00:00:00,0.20329704857582426
2023-07-07 00:00:00,0.2075154704077306
2023-07-08 00:00:00,0.20703095680161265
2023-07-09 00:00:00,0.2058489521838986
2023-07-10 00:00:00,0.20821903235064176
2023-07-11 00:00:00,0.21023096563205818
2023-07-12 00:00:00,0.20799663453450234
2023-07-13 00:00:00,0.2185629858172387
2023-07-14 00:00:00,0.20743559674400158
2023-07-15 00:00:00,0.20706277685540225
2023-07-16 00:00:00,0.20660798987848245
2023-07-17 00:00:00,0.20560198517550893
2023-07-18 00:00:00,0.2027828083405081
2023-07-19 00:00:00,0.20334173367528474
2023-07-20 00:00:00,0.20215386746871472
2023-07-21 00:00:00,0.20329126311149887
2023-07-22 00:00:00,0.20195691427692736
2023-07-23 00:00:00,0.20500419826786243
2023-07-24 00:00:00,0.19616037383234486
2023-07-25 00:00:00,0.19665219539340018
2023-07-26 00:00:00,0.19789534704031636
2023-07-27 00:00:00,0.1964894601781162
2023-07-28 00:00:00,0.19754722956189574
2023-07-29 00:00:00,0.19791430204843502
2023-07-30 00:00:00,0.19711910520181758
2023-07-31 00:00:00,0.19667870576118063
2023-08-01 00:00:00,0.20102081092417468
2023-08-02 00:00:00,0.19591719401935243
2023-08-03 00:00:00,0.19617755894512717
2023-08-04 00:00:00,0.19515846082289096
2023-08-05 00:00:00,0.1948469973059529
2023-08-06 00:00:00,0.19484435197851463
2023-08-07 00:00:00,0.19619605720606226
2023-08-08 00:00:00,0.20189542468733757
2023-08-09 00:00:00,0.1999076799755184
2023-08-10 00:00:00,0.19862243146318204
2023-08-11 00:00:00,0.19831182434721312
2023-08-12 00:00:00,0.19848965125068802
2023-08-13 00:00:00,0.19719321243235388
2023-08-14 00:00:00,0.19841636235885562
2023-08-15 00:00:00,0.19609637213324538
2023-08-16 00:00:00,0.19153067019275494
2023-08-17 00:00:00,0.17168003794046605
2023-08-18 00:00:00,0.16568757198525924
2023-08-19 00:00:00,0.16614211155745462
2023-08-20 00:00:00,0.16705199000941662
2023-08-21 00:00:00,0.16641431384773725
2023-08-22 00:00:00,0.16551315165452862
2023-08-23 00:00:00,0.16941057537203963
2023-08-24 00:00:00,0.16678684826934687
2023-08-25 00:00:00,0.1656691688799874
2023-08-26 00:00:00,0.16528715695431845
2023-08-27 00:00:00,0.16607866176120195
2023-08-28 00:00:00,0.16623901808490477
2023-08-29 00:00:00,0.18203630454988712
2023-08-30 00:00:00,0.1778451733621998
2023-08-31 00:00:00,0.16453696873641654
2023-09-01 00:00:00,0.16326296762347592
2023-09-02 00:00:00,0.16392627872083387
2023-09-03 00:00:00,0.16490815194760805
2023-09-04 00:00:00,0.16337688798351452
2023-09-05 00:00:00,0.1630608569947406
2023-09-06 00:00:00,0.16280024466424137
2023-09-07 00:00:00,0.16754514374975737
2023-09-08 00:00:00,0.16428539619392574
2023-09-09 00:00:00,0.1641881851683532
2023-09-10 00:00:00,0.16356992076197613
2023-09-11 00:00:00,0.15704564883601785
2023-09-12 00:00:00,0.16358080656985152
2023-09-13 00:00:00,0.16742947252551504
2023-09-14 00:00:00,0.17046324441226918
2023-09-15 00:00:00,0.17113576657782936
2023-09-16 00:00:00,0.17074199341218316
2023-09-17 00:00:00,0.17040978596065737
2023-09-18 00:00:00,0.17255436623663922
2023-09-19 00:00:00,0.1770057481633054
2023-09-20 00:00:00,0.17623491116647905
2023-09-21 00:00:00,0.17073567507614357
2023-09-22 00:00:00,0.17085197432776333
2023-09-23 00:00:00,0.17085024249469222
2023-09-24 00:00:00,0.16770719384426597
2023-09-25 00:00:00,0.16811307081027715
2023-09-26 00:00:00,0.16732156600339365
2023-09-27 00:00:00,0.16864154633281497
2023-09-28 00:00:00,0.17515858642836646
2023-09-29 00:00:00,0.17408844680836488
2023-09-30 00:00:00,0.17463601055694994
2023-10-01 00:00:00,0.18453423586576811
2023-10-02 00:00:00,0.1801205736440128
2023-10-03 00:00:00,0.1791383197945856
2023-10-04 00:00:00,0.18273788725500273
2023-10-05 00:00:00,0.1790012575772455
2023-10-06 00:00:00,0.18417222566051356
2023-10-07 00:00:00,0.18438895219912355
2023-10-08 00:00:00,0.18406009422694397
2023-10-09 00:00:00,0.1806359557472879
2023-10-10 00:00:00,0.17875870579163045
2023-10-11 00:00:00,0.17371427570934744
2023-10-12 00:00:00,0.17257889736662413
2023-10-13 00:00:00,0.17360762524198087
2023-10-14 00:00:00,0.1736011165946148
2023-10-15 00:00:00,0.17650427781799694
2023-10-16 00:00:00,0.1897542281467407
2023-10-17 00:00:00,0.18874359887853343
2023-10-18 00:00:00,0.18789191763021296
2023-10-19 00:00:00,0.19170632754710776
2023-10-20 00:00:00,0.20109113095931375
2023-10-21 00:00:00,0.2033854672181128
2023-10-22 00:00:00,0.20412098243274207
2023-10-23 00:00:00,0.23425253704029347
2023-10-24 00:00:00,0.24219670274208172
2023-10-25 00:00:00,0.24805566530175388
2023-10-26 00:00:00,0.2446825873509958
2023-10-27 00:00:00,0.24227731861998408
2023-10-28 00:00:00,0.24402902019355427
2023-10-29 00:00:00,0.2484031357216644
2023-10-30 00:00:00,0.24805121201671393
2023-10-31 00:00:00,0.24966303476531188
2023-11-01 00:00:00,0.25716073009514806
2023-11-02 00:00:00,0.2522983898900534
2023-11-03 00:00:00,0.25029193757484
2023-11-04 00:00:00,0.2537010604908358
2023-11-05 00:00:00,0.2533810710264708
2023-11-06 00:00:00,0.2532642959965348
2023-11-07 00:00:00,0.25722220065360524
2023-11-08 00:00:00,0.2592851373705217
2023-11-09 00:00:00,0.2693978625754299
2023-11-10 00:00:00,0.27544732677292133
2023-11-11 00:00:00,0.2737331926552008
2023-11-12 00:00:00,0.27291926917405646
2023-11-13 00:00:00,0.2675390157250443
2023-11-14 00:00:00,0.2581388922510557
2023-11-15 00:00:00,0.2809683725412728
2023-11-16 00:00:00,0.2641521592342481
2023-11-17 00:00:00,0.26845814330747386
2023-11-18 00:00:00,0.2683511502797196
2023-11-19 00:00:00,0.27615452366216847
2023-11-20 00:00:00,0.27703547479250357
2023-11-21 00:00:00,0.26082989440766363
2023-11-22 00:00:00,0.2766007275982635
2023-11-23 00:00:00,0.2752100846733154
2023-11-24 00:00:00,0.279406411360216
2023-11-25 00:00:00,0.2801519369506188
2023-11-26 00:00:00,0.27705656128747896
2023-11-27 00:00:00,0.2748646315534657
2023-11-28 00:00:00,0.28048608557767485
2023-11-29 00:00:00,0.2807531304310095
2023-11-30 00:00:00,0.2793329892504551
2023-12-01 00:00:00,0.28884311267115653
2023-12-02 00:00:00,0.2965172646629168
2023-12-03 00:00:00,0.3014092934349444
2023-12-04 00:00:00,0.3209138064777408
2023-12-05 00:00:00,0.34138144708165197
2023-12-06 00:00:00,0.33812499191176865
2023-12-07 00:00:00,0.3337033746765659
2023-12-08 00:00:00,0.3422189691672814
2023-12-09 00:00:00,0.33792562176613483
2023-12-10 00:00:00,0.33844901597625526
2023-12-11 00:00:00,0.31373967846520767
2023-12-12 00:00:00,0.3157507363145222
2023-12-13 00:00:00,0.3297870720754668
2023-12-14 00:00:00,0.33108526175800473
2023-12-15 00:00:00,0.3204232980648383
2023-12-16 00:00:00,0.32344742116733927
2023-12-17 00:00:00,0.3149170585176879
2023-12-18 00:00:00,0.3271834608799844
2023-12-19 00:00:00,0.3237437359026885
2023-12-20 00:00:00,0.33720715844635923
2023-12-21 00:00:00,0.3393206418515922
2023-12-22 00:00:00,0.34057517411583266
2023-12-23 00:00:00,0.3380577358889861
2023-12-24 00:00:00,0.3310087185424893
2023-12-25 00:00:00,0.3368260790461901
2023-12-26 00:00:00,0.3261785028893066
2023-12-27 00:00:00,0.3351668307150301
2023-12-28 00:00:00,0.3272255196831393
2023-12-29 00:00:00,0.32207630418448935
2023-12-30 00:00:00,0.3226365807296841
2023-12-31 00:00:00,0.3236917047860254
2024-01-01 00:00:00,0.3422260868108922
2024-01-02 00:00:00,0.34993000349411596
2024-01-03 00:00:00,0.32937230757050845
2024-01-04 00:00:00,0.3423487614919495
2024-01-05 00:00:00,0.34218086883971754
2024-01-06 00:00:00,0.34049033332648215
2024-01-07 00:00:00,0.3400411605336939
2024-01-08 00:00:00,0.36954002513632
2024-01-09 00:00:00,0.3614450186771536
2024-01-10 00:00:00,0.36620051810355525
2024-01-11 00:00:00,0.3636749726142001
2024-01-12 00:00:00,0.32942095114556
2024-01-13 00:00:00,0.3293158612310707
2024-01-14 00:00:00,0.31912259627279077
2024-01-15 00:00:00,0.326096326458527
2024-01-16 00:00:00,0.3323614514512
2024-01-17 00:00:00,0.32834409353573324
2024-01-18 00:00:00,0.31391727699509075
2024-01-19 00:00:00,0.3173895071469516
2024-01-20 00:00:00,0.3178492231872275
2024-01-21 00:00:00,0.3166818915727861
2024-01-22 00:00:00,0.2968196693607138
2024-01-23 00:00:00,0.30011490997893636
2024-01-24 00:00:00,0.3023708604431818
2024-01-25 00:00:00,0.30097488880109197
2024-01-26 00:00:00,0.31932333665997537
2024-01-27 00:00:00,0.3222775393811228
2024-01-28 00:00:00,0.3214545570808374
2024-01-29 00:00:00,0.33366032625451325
2024-01-30 00:00:00,0.33038990223326536
2024-01-31 00:00:00,0.3267846064019208
2024-02-01 00:00:00,0.3315900054581289
2024-02-02 00:00:00,0.33266267621877277
2024-02-03 00:00:00,0.3307761581015151
2024-02-04 00:00:00,0.3267941219682454
2024-02-05 00:00:00,0.3275257548318143
2024-02-06 00:00:00,0.331676711298479
2024-02-07 00:00:00,0.3436963559948449
2024-02-08 00:00:00,0.3532779984120423
2024-02-09 00:00:00,0.37126173364483495
2024-02-10 00:00:00,0.3773427133979935
2024-02-11 00:00:00,0.3824352922458792
2024-02-12 00:00:00,0.39865217712351286
2024-02-13 00:00:00,0.39654961758842056
2024-02-14 00:00:00,0.4168584624215061
2024-02-15 00:00:00,0.4179484134505956
2024-02-16 00:00:00,0.42010814250816625
2024-02-17 00:00:00,0.41526338706963956
2024-02-18 00:00:00,0.41974122227068816
2024-02-19 00:00:00,0.4163951304660268
2024-02-20 00:00:00,0.42132293776743507
2024-02-21 00:00:00,0.41698010942140035
2024-02-22 00:00:00,0.4117748282059656
2024-02-23 00:00:00,0.4061913222602591
2024-02-24 00:00:00,0.4143679722784909
2024-02-25 00:00:00,0.4159478227242382
2024-02-26 00:00:00,0.44312526976630534
2024-02-27 00:00:00,0.46809868327399434
2024-02-28 00:00:00,0.520905166343518
2024-02-29 00:00:00,0.5081756223370687
2024-03-01 00:00:00,0.5202800316982545
2024-03-02 00:00:00,0.516277365817193
2024-03-03 00:00:00,0.5273613258457245
2024-03-04 00:00:00,0.5776697063191734
2024-03-05 00:00:00,0.5335373090130683
2024-03-06 00:00:00,0.5560029901715619
2024-03-07 00:00:00,0.5639801558573639
2024-03-08 00:00:00,0.577374267015926
2024-03-09 00:00:00,0.5793112556969695
2024-03-10 00:00:00,0.5843869348990627
2024-03-11 00:00:00,0.6146332662676218
2024-03-12 00:00:00,0.6083716430033563
2024-03-13 00:00:00,0.6239834901118041
2024-03-14 00:00:00,0.607546376967153
2024-03-15 00:00:00,0.5881284555779107
2024-03-16 00:00:00,0.5482888347389727
2024-03-17 00:00:00,0.5782563980764853
2024-03-18 00:00:00,0.5700516961687284
2024-03-19 00:00:00,0.5151366016639299
2024-03-20 00:00:00,0.5736089954835316
2024-03-21 00:00:00,0.5500064325228354
2024-03-22 00:00:00,0.5333186793611934
2024-03-23 00:00:00,0.536080515393522
2024-03-24 00:00:00,0.566987988310317
2024-03-25 00:00:00,0.5935367228541827
2024-03-26 00:00:00,0.593819525485351
2024-03-27 00:00:00,0.5886309536043823
2024-03-28 00:00:00,0.6011968298700477
2024-03-29 00:00:00,0.5928937750687595
2024-03-30 00:00:00,0.5904819215658511
2024-03-31 00:00:00,0.6069330416241321
2024-04-01 00:00:00,0.5910358036504757
2024-04-02 00:00:00,0.5495736265041256
2024-04-03 00:00:00,0.5547753298666221
2024-04-04 00:00:00,0.5794083144734808
2024-04-05 00:00:00,0.5728681515517605
2024-04-06 00:00:00,0.5831818074551798
2024-04-07 00:00:00,0.5877268225544804
2024-04-08 00:00:00,0.6098339191115962
2024-04-09 00:00:00,0.5855486713605051
2024-04-10 00:00:00,0.5996663461823928
2024-04-11 00:00:00,0.594528625487863
2024-04-12 00:00:00,0.5666147497367994
2024-04-13 00:00:00,0.5337348521699677
2024-04-14 00:00:00,0.5524164590370094
2024-04-15 00:00:00,0.5298834457312027
2024-04-16 00:00:00,0.5336412189973333
2024-04-17 00:00:00,0.5089386565695089
2024-04-18 00:00:00,0.5307267152188923
2024-04-19 00:00:00,0.5339501704047617
2024-04-20 00:00:00,0.5451641891938184
2024-04-21 00:00:00,0.5445035805172966
2024-04-22 00:00:00,0.563124592257983
2024-04-23 00:00:00,0.5589307396183268
2024-04-24 00:00:00,0.5381724936188612
2024-04-25 00:00:00,0.5401681362507298
2024-04-26 00:00:00,0.5330902677071367
2024-04-27 00:00:00,0.5298145530310123
2024-04-28 00:00:00,0.5268337828486864
2024-04-29 00:00:00,0.5339263053644195
2024-04-30 00:00:00,0.5027041336381359
2024-05-01 00:00:00,0.47948584730789406
2024-05-02 00:00:00,0.48795744181992445
2024-05-03 00:00:00,0.5246570399585273
2024-05-04 00:00:00,0.5344169279641179
2024-05-05 00:00:00,0.5357777681353372
2024-05-06 00:00:00,0.52730849542149
2024-05-07 00:00:00,0.5192489629935819
2024-05-08 00:00:00,0.5080738819019257
2024-05-09 00:00:00,0.5262172883376458
2024-05-10 00:00:00,0.5042234270197931
2024-05-11 00:00:00,0.5042325239011994
2024-05-12 00:00:00,0.5106117215029723
2024-05-13 00:00:00,0.52477019907326
2024-05-14 00:00:00,0.5116289355430762
2024-05-15 00:00:00,0.5575687195168832
2024-05-16 00:00:00,0.5474748731955631
2024-05-17 00:00:00,0.5652116985133641
2024-05-18 00:00:00,0.5641294360618648
2024-05-19 00:00:00,0.5576746848634744
2024-05-20 00:00:00,0.608049179491747
2024-05-21 00:00:00,0.5952684036762058
2024-05-22 00:00:00,0.5853861454876803
2024-05-23 00:00:00,0.5737638327787661
2024-05-24 00:00:00,0.5795764735615698
2024-05-25 00:00:00,0.5867854666091165
2024-05-26 00:00:00,0.5794984459177078
2024-05-27 00:00:00,0.5880386286318062
2024-05-28 00:00:00,0.5773365092487498
2024-05-29 00:00:00,0.5703391423962632
2024-05-30 00:00:00,0.5780066334915962
2024-05-31 00:00:00,0.5694945407292882
2024-06-01 00:00:00,0.5715945881548707
2024-06-02 00:00:00,0.5720297920962945
2024-06-03 00:00:00,0.5822919116924995
2024-06-04 00:00:00,0.5994703255161052
2024-06-05 00:00:00,0.6044889874447812
2024-06-06 00:00:00,0.6013158125113711
2024-06-07 00:00:00,0.5875322482542742
2024-06-08 00:00:00,0.5871735494661006
2024-06-09 00:00:00,0.5905081084043765
2024-06-10 00:00:00,0.5891857491833741
2024-06-11 00:00:00,0.5679415241805765
2024-06-12 00:00:00,0.5768002880552238
2024-06-13 00:00:00,0.5623325926416506
2024-06-14 00:00:00,0.5550703885472166
2024-06-15 00:00:00,0.5568233842378069
2024-06-16 00:00:00,0.5611891260675513
2024-06-17 00:00:00,0.5597397150049823
2024-06-18 00:00:00,0.5465897732783105
2024-06-19 00:00:00,0.5448314869328437
2024-06-20 00:00:00,0.5435487885922823
2024-06-21 00:00:00,0.5364117712884152
2024-06-22 00:00:00,0.5379355179551124
2024-06-23 00:00:00,0.5274921458515556
2024-06-24 00:00:00,0.49920175817215867
2024-06-25 00:00:00,0.5140829620359353
2024-06-26 00:00:00,0.504403689908247
2024-06-27 00:00:00,0.5121357346055264
2024-06-28 00:00:00,0.49961804516772906
2024-06-29 00:00:00,0.5051452189607936
2024-06-30 00:00:00,0.522595777981284
2024-07-01 00:00:00,0.524288178545519
2024-07-02 00:00:00,0.5162692585546844
2024-07-03 00:00:00,0.49819333651533876
2024-07-04 00:00:00,0.4670495730555702
2024-07-05 00:00:00,0.4639770347516095
2024-07-06 00:00:00,0.4799684387696144
2024-07-07 00:00:00,0.45605262336551117
2024-07-08 00:00:00,0.4643933217471798
2024-07-09 00:00:00,0.47710067545296003
2024-07-10 00:00:00,0.47450166979157865
2024-07-11 00:00:00,0.47062765436722626
2024-07-12 00:00:00,0.4760311638603359
2024-07-13 00:00:00,0.4890148496121836
2024-07-14 00:00:00,0.5041748595692721
2024-07-15 00:00:00,0.5439531240365488
2024-07-16 00:00:00,0.5461649603353133
2024-07-17 00:00:00,0.5366319234309022
2024-07-18 00:00:00,0.5352217165015906
2024-07-19 00:00:00,0.5618820115450462
2024-07-20 00:00:00,0.566300812172617
2024-07-21 00:00:00,0.5759558386373099
2024-07-22 00:00:00,0.5704088724662901
2024-07-23 00:00:00,0.5542575308095006
2024-07-24 00:00:00,0.5488443915632705
2024-07-25 00:00:00,0.552791600723792
2024-07-26 00:00:00,0.5735933138302286
2024-07-27 00:00:00,0.5726313281370728
2024-07-28 00:00:00,0.5769433260482157
2024-07-29 00:00:00,0.5629514850754052
2024-07-30 00:00:00,0.5569209758860324
2024-07-31 00:00:00,0.5415083466741573
2024-08-01 00:00:00,0.5487018103174621
2024-08-02 00:00:00,0.510286974255445
2024-08-03 00:00:00,0.5031254448527257
2024-08-04 00:00:00,0.4781505849789554
2024-08-05 00:00:00,0.4379517705423949
2024-08-06 00:00:00,0.4578572695501117
2024-08-07 00:00:00,0.44804653035808223
2024-08-08 00:00:00,0.5131621216515674
2024-08-09 00:00:00,0.5050744231473382
2024-08-10 00:00:00,0.5057145923873947
2024-08-11 00:00:00,0.48402138490313534
2024-08-12 00:00:00,0.49020909124819106
2024-08-13 00:00:00,0.5024382306527602
2024-08-14 00:00:00,0.4841946823970397
2024-08-15 00:00:00,0.47272439037572783
2024-08-16 00:00:00,0.48572288234877675
2024-08-17 00:00:00,0.49142179308286843
2024-08-18 00:00:00,0.48172649674148954
2024-08-19 00:00:00,0.4915628899003302
2024-08-20 00:00:00,0.48687936621760813
2024-08-21 00:00:00,0.5079496466679913
2024-08-22 00:00:00,0.5002199998934256
2024-08-23 00:00:00,0.5363938058991944
2024-08-24 00:00:00,0.5372185010014182
2024-08-25 00:00:00,0.5387244345279556
2024-08-26 00:00:00,0.524567631697341
2024-08-27 00:00:00,0.49166695213365647
2024-08-28 00:00:00,0.4870238886389467
2024-08-29 00:00:00,0.4905371118505341
2024-08-30 00:00:00,0.4879188847451769
2024-08-31 00:00:00,0.4864614044823647
2024-09-01 00:00:00,0.4704383707218966
2024-09-02 00:00:00,0.4878507152280272
2024-09-03 00:00:00,0.47146669894346765
2024-09-04 00:00:00,0.47673345071735956
2024-09-05 00:00:00,0.459086680719255
2024-09-06 00:00:00,0.4375356738581511
2024-09-07 00:00:00,0.4393961193236792
2024-09-08 00:00:00,0.44623518521478917
2024-09-09 00:00:00,0.4674571818546524
2024-09-10 00:00:00,0.47358783286402567
2024-09-11 00:00:00,0.47061067859690314
2024-09-12 00:00:00,0.4782483669385074
2024-09-13 00:00:00,0.5020653727018956
2024-09-14 00:00:00,0.4965485518449922
2024-09-15 00:00:00,0.48853625468831957
2024-09-16 00:00:00,0.47888655694076826
2024-09-17 00:00:00,0.49950503830205756
2024-09-18 00:00:00,0.5125730319715416
2024-09-19 00:00:00,0.5251502888545313
2024-09-20 00:00:00,0.5276108239947566
2024-09-21 00:00:00,0.52957776767859
2024-09-22 00:00:00,0.5320514723626085
2024-09-23 00:00:00,0.5289440309613691
2024-09-24 00:00:00,0.5384167772375473
2024-09-25 00:00:00,0.5271252636763428
2024-09-26 00:00:00,0.5469821952335386
2024-09-27 00:00:00,0.5529225349164191
2024-09-28 00:00:00,0.5538675448392516
2024-09-29 00:00:00,0.5514087225009648
2024-09-30 00:00:00,0.5289411001669411
2024-10-01 00:00:00,0.5046544060497686
2024-10-02 00:00:00,0.5026644727576949
2024-10-03 00:00:00,0.5038982230250822
2024-10-04 00:00:00,0.516644019618814
2024-10-05 00:00:00,0.5168629918310766
2024-10-06 00:00:00,0.5239663620924198
2024-10-07 00:00:00,0.5182925343911597
2024-10-08 00:00:00,0.5172724276188931
2024-10-09 00:00:00,0.502170614865446
2024-10-10 00:00:00,0.499173363722246
2024-10-11 00:00:00,0.5203234607429602
2024-10-12 00:00:00,0.5276112807419401
2024-10-13 00:00:00,0.5242822788943977
2024-10-14 00:00:00,0.555411730942414
2024-10-15 00:00:00,0.5651067989102012
2024-10-16 00:00:00,0.5706765263158696
2024-10-17 00:00:00,0.5686022089816288
2024-10-18 00:00:00,0.5785308270092879
2024-10-19 00:00:00,0.5779846335022536
2024-10-20 00:00:00,0.5842107066107304
2024-10-21 00:00:00,0.5682905551533642
2024-10-22 00:00:00,0.5682277524156216
2024-10-23 00:00:00,0.5591735768709316
2024-10-24 00:00:00,0.5760194787448891
2024-10-25 00:00:00,0.5612219357402387
2024-10-26 00:00:00,0.5648494218722524
2024-10-27 00:00:00,0.5737612445447258
2024-10-28 00:00:00,0.5930392490467306
2024-10-29 00:00:00,0.6204463637976092
2024-10-30 00:00:00,0.6167343794366328
2024-10-31 00:00:00,0.5960348254502575
2024-11-01 00:00:00,0.5888952579746155
2024-11-02 00:00:00,0.5870127744574795
2024-11-03 00:00:00,0.5816715728926636
2024-11-04 00:00:00,0.5726135149969132
2024-11-05 00:00:00,0.5876976668592617
2024-11-06 00:00:00,0.6488848898135482
2024-11-07 00:00:00,0.651474646344462
2024-11-08 00:00:00,0.6577167817288946
2024-11-09 00:00:00,0.6599909259559528
2024-11-10 00:00:00,0.6959979050529179
2024-11-11 00:00:00,0.7761641914775543
2024-11-12 00:00:00,0.7688984095301822
2024-11-13 00:00:00,0.7945089092344384
2024-11-14 00:00:00,0.7620252017870994
2024-11-15 00:00:00,0.7992039657835459
2024-11-16 00:00:00,0.7942586117778351
2024-11-17 00:00:00,0.7873148365948889
2024-11-18 00:00:00,0.7941043073543147
2024-11-19 00:00:00,0.8116545895098874
2024-11-20 00:00:00,0.83110060085092
2024-11-21 00:00:00,0.8716863943387709
2024-11-22 00:00:00,0.8764895477213264
2024-11-23 00:00:00,0.8645982109212819
2024-11-24 00:00:00,0.8669030333341706
2024-11-25 00:00:00,0.8190454440610305
2024-11-26 00:00:00,0.8081616915479695
2024-11-27 00:00:00,0.8469153959579396
2024-11-28 00:00:00,0.8438941655876014
2024-11-29 00:00:00,0.8615214857681384
2024-11-30 00:00:00,0.8516560511008748
2024-12-01 00:00:00,0.8597506769373883
2024-12-02 00:00:00,0.8459680261746586
2024-12-03 00:00:00,0.8473015757016588
2024-12-04 00:00:00,0.8742568913634436
2024-12-05 00:00:00,0.8530642026678603
2024-12-06 00:00:00,0.8854836610113752
2024-12-07 00:00:00,0.8855092388536558
2024-12-08 00:00:00,0.8982999108581746
2024-12-09 00:00:00,0.8612408146238268
2024-12-10 00:00:00,0.8538618354994568
2024-12-11 00:00:00,0.8976861948925007
2024-12-12 00:00:00,0.8866752382888119
2024-12-13 00:00:00,0.9004751693199872
2024-12-14 00:00:00,0.899634373879542
2024-12-15 00:00:00,0.9281424777164468
2024-12-16 00:00:00,0.9450094660853797
2024-12-17 00:00:00,0.9460899015481447
2024-12-18 00:00:00,0.8866610030015902
2024-12-19 00:00:00,0.8618082468748977
2024-12-20 00:00:00,0.86439016257916
2024-12-21 00:00:00,0.8592141512457399
2024-12-22 00:00:00,0.8385590539852333
2024-12-23 00:00:00,0.8344793120169423
2024-12-24 00:00:00,0.8733561859174186
2024-12-25 00:00:00,0.8794276501042525
2024-12-26 00:00:00,0.8452880057428346
2024-12-27 00:00:00,0.8293989892184828
2024-12-28 00:00:00,0.8391338703157721
2024-12-29 00:00:00,0.8232151652244875
2024-12-30 00:00:00,0.8145721382695523
2024-12-31 00:00:00,0.8222307989193361
2025-01-01 00:00:00,0.8318827042782747
2025-01-02 00:00:00,0.8559221459200677
2025-01-03 00:00:00,0.8678151574597853
2025-01-04 00:00:00,0.8690701464712093
2025-01-05 00:00:00,0.869837329490567
2025-01-06 00:00:00,0.9065049933885845
2025-01-07 00:00:00,0.856271253017386
2025-01-08 00:00:00,0.8379606390502095
2025-01-09 00:00:00,0.8130211770831668
2025-01-10 00:00:00,0.8346275264780149
2025-01-11 00:00:00,0.8333134648308475
2025-01-12 00:00:00,0.832551915026754
2025-01-13 00:00:00,0.8328255827142506
2025-01-14 00:00:00,0.8524842098692409
2025-01-15 00:00:00,0.8911719904357139
2025-01-16 00:00:00,0.8838875579783456
2025-01-17 00:00:00,0.9297340894021712
2025-01-18 00:00:00,0.9292082211448064
2025-01-19 00:00:00,0.8968733371547848
2025-01-20 00:00:00,0.90590650232903
2025-01-21 00:00:00,0.9461450918328275
2025-01-22 00:00:00,0.9218515465079012
2025-01-23 00:00:00,0.9248439256811433
2025-01-24 00:00:00,0.9332170150505809
2025-01-25 00:00:00,0.9321954999744982
2025-01-26 00:00:00,0.9123943676982301
2025-01-27 00:00:00,0.9065985504366884
2025-01-28 00:00:00,0.8992398204374572
2025-01-29 00:00:00,0.9223401137452737
2025-01-30 00:00:00,0.932396773233397
2025-01-31 00:00:00,0.9096906527450125
2025-02-01 00:00:00,0.8926473599632166
2025-02-02 00:00:00,0.8637377753519427
2025-02-03 00:00:00,0.8999505951796425
2025-02-04 00:00:00,0.8655193938660376
2025-02-05 00:00:00,0.8532773513535322
2025-02-06 00:00:00,0.8530615383092893
2025-02-07 00:00:00,0.8524358707923118
2025-02-08 00:00:00,0.8519814834691776
2025-02-09 00:00:00,0.8521533726592658
2025-02-10 00:00:00,0.8612879357082664
2025-02-11 00:00:00,0.8448194592570093
2025-02-12 00:00:00,0.8656561896475206
2025-02-13 00:00:00,0.8533594135975159
2025-02-14 00:00:00,0.8619837900424546
2025-02-15 00:00:00,0.8626793398785204
2025-02-16 00:00:00,0.8489859831901811
2025-02-17 00:00:00,0.8450723449476529
2025-02-18 00:00:00,0.8427938616223507
2025-02-19 00:00:00,0.8534738287670034
2025-02-20 00:00:00,0.8700222359753874
2025-02-21 00:00:00,0.848503810413379
2025-02-22 00:00:00,0.8529101266179318
2025-02-23 00:00:00,0.8499495674984794
2025-02-24 00:00:00,0.8026354312492721
2025-02-25 00:00:00,0.7765021843934055
2025-02-26 00:00:00,0.7337345857341107
2025-02-27 00:00:00,0.737215151522072
2025-02-28 00:00:00,0.7339877759228767
2025-03-01 00:00:00,0.7501520587498677
2025-03-02 00:00:00,0.8302125320769741
2025-03-03 00:00:00,0.7504809928465779
2025-03-04 00:00:00,0.7617500877335215
2025-03-05 00:00:00,0.7948928052422396
2025-03-06 00:00:00,0.7884439156327052
2025-03-07 00:00:00,0.7570776401700012
2025-03-08 00:00:00,0.7513474422538342
2025-03-09 00:00:00,0.6972339390562232
2025-03-10 00:00:00,0.6770733467464756
2025-03-11 00:00:00,0.7192666619469458
2025-03-12 00:00:00,0.7276478966411574
2025-03-13 00:00:00,0.7017713417024642
2025-03-14 00:00:00,0.730052137691006
2025-03-15 00:00:00,0.7336964473442815
2025-03-16 00:00:00,0.7165137705469623
2025-03-17 00:00:00,0.7310907046619424
2025-03-18 00:00:00,0.7178663512066118
2025-03-19 00:00:00,0.7581646223423975
2025-03-20 00:00:00,0.7319823512888264
2025-03-21 00:00:00,0.7307745594863725
2025-03-22 00:00:00,0.7287209480244542
2025-03-23 00:00:00,0.7503709167753344
2025-03-24 00:00:00,0.7644464186072712
2025-03-25 00:00:00,0.7641812768672015
2025-03-26 00:00:00,0.7586192380391235
2025-03-27 00:00:00,0.761310696942915
2025-03-28 00:00:00,0.7337942673660989
2025-03-29 00:00:00,0.7166881718465603
2025-03-30 00:00:00,0.7141249066522943
2025-03-31 00:00:00,0.7162139160209403
2025-04-01 00:00:00,0.741745550711498
2025-04-02 00:00:00,0.7155980685684097
2025-04-03 00:00:00,0.7216112213648063
2025-04-04 00:00:00,0.7288312524692895
2025-04-05 00:00:00,0.7255279807130889
2025-04-06 00:00:00,0.6739794935739477
2025-04-07 00:00:00,0.683926609862542
2025-04-08 00:00:00,0.6550515857881591
2025-04-09 00:00:00,0.716457895141504
2025-04-10 00:00:00,0.6877345872566013
2025-04-11 00:00:00,0.7245539673440988
2025-04-12 00:00:00,0.7428947266253919
2025-04-13 00:00:00,0.7272836407622502
2025-04-14 00:00:00,0.7356382318707527
2025-04-15 00:00:00,0.7271278899726484
2025-04-16 00:00:00,0.730683210049656
2025-04-17 00:00:00,0.7390813443896601
2025-04-18 00:00:00,0.7347458239985627
2025-04-19 00:00:00,0.7407150529408048
2025-04-20 00:00:00,0.7417955645281002
2025-04-21 00:00:00,0.7646412212810693
2025-04-22 00:00:00,0.8223544251570258
2025-04-23 00:00:00,0.8248607492024052
2025-04-24 00:00:00,0.8272449695007068
2025-04-25 00:00:00,0.8348131180836106
2025-04-26 00:00:00,0.8340962533789775
2025-04-27 00:00:00,0.825403821603685
2025-04-28 00:00:00,0.8373294905670288
2025-04-29 00:00:00,0.830567576887679
2025-04-30 00:00:00,0.8298126499177474
2025-05-01 00:00:00,0.8520777810003829
2025-05-02 00:00:00,0.8561481596514106
2025-05-03 00:00:00,0.8462261644579134
2025-05-04 00:00:00,0.8308714660138227
2025-05-05 00:00:00,0.8350816093030267
2025-05-06 00:00:00,0.8550997726160271
2025-05-07 00:00:00,0.8573393563061942
2025-05-08 00:00:00,0.9178408494888618
2025-05-09 00:00:00,0.9152040479980391
2025-05-10 00:00:00,0.9320169879502481
2025-05-11 00:00:00,0.9262683678976765
2025-05-12 00:00:00,0.9136654951101407
2025-05-13 00:00:00,0.9268866513351862
2025-05-14 00:00:00,0.9207440868367746
2025-05-15 00:00:00,0.92274380213103
2025-05-16 00:00:00,0.9202556718484635
2025-05-17 00:00:00,0.9173499985155716
2025-05-18 00:00:00,0.9490657616982469
2025-05-19 00:00:00,0.9408825269081184
2025-05-20 00:00:00,0.9524281822147215
2025-05-21 00:00:00,0.9805588606289256
2025-05-22 00:00:00,0.9999999999999999
2025-05-23 00:00:00,0.9572681037455552
2025-05-24 00:00:00,0.9621728072519272
2025-05-25 00:00:00,0.9742965522438848
2025-05-26 00:00:00,0.9782426195364472
2025-05-27 00:00:00,0.9738994866922902
2025-05-28 00:00:00,0.962281665330681
2025-05-29 00:00:00,0.9412291980204578
2025-05-31 05:37:00,0.9222819546038975
